Employee_Name,Employee_EmailID
Employee_1,employee1@example.com
Employee_2,employee2@example.com
Employee_3,employee3@example.com
Employee_4,employee4@example.com
Employee_5,employee5@example.com
Employee_6,employee6@example.com
Employee_7,employee7@example.com
Employee_8,employee8@example.com
Employee_9,employee9@example.com
Employee_10,employee10@example.com
Employee_11,employee11@example.com
Employee_12,employee12@example.com
Employee_13,employee13@example.com
Employee_14,employee14@example.com
Employee_15,employee15@example.com
Employee_16,employee16@example.com
Employee_17,employee17@example.com
Employee_18,employee18@example.com
Employee_19,employee19@example.com
Employee_20,employee20@example.com
Employee_21,employee21@example.com
Employee_22,employee22@example.com
Employee_23,employee23@example.com
Employee_24,employee24@example.com
Employee_25,employee25@example.com
Employee_26,employee26@example.com
Employee_27,employee27@example.com
Employee_28,employee28@example.com
Employee_29,employee29@example.com
Employee_30,employee30@example.com
Employee_31,employee31@example.com
Employee_32,employee32@example.com
Employee_33,employee33@example.com
Employee_34,employee34@example.com
Employee_35,employee35@example.com
Employee_36,employee36@example.com
Employee_37,employee37@example.com
Employee_38,employee38@example.com
Employee_39,employee39@example.com
Employee_40,employee40@example.com
Employee_41,employee41@example.com
Employee_42,employee42@example.com
Employee_43,employee43@example.com
Employee_44,employee44@example.com
Employee_45,employee45@example.com
Employee_46,employee46@example.com
Employee_47,employee47@example.com
Employee_48,employee48@example.com
Employee_49,employee49@example.com
Employee_50,employee50@example.com
